{
    "packages": [
        {
            "name": "cakephp/chronos",
            "version": "3.1.0",
            "version_normalized": "3.1.0.0",
            "source": {
                "type": "git",
                "url": "https://github.com/cakephp/chronos.git",
                "reference": "786d69e1ee4b735765cbdb5521b9603e9b98d650"
            },
            "dist": {
                "type": "zip",
                "url": "https://api.github.com/repos/cakephp/chronos/zipball/786d69e1ee4b735765cbdb5521b9603e9b98d650",
                "reference": "786d69e1ee4b735765cbdb5521b9603e9b98d650",
                "shasum": ""
            },
            "require": {
                "php": ">=8.1",
                "psr/clock": "^1.0"
            },
            "provide": {
                "psr/clock-implementation": "1.0"
            },
            "require-dev": {
                "cakephp/cakephp-codesniffer": "^5.0",
                "phpunit/phpunit": "^10.1.0 || ^11.1.3"
            },
            "time": "2024-07-18T03:18:04+00:00",
            "type": "library",
            "installation-source": "dist",
            "autoload": {
                "psr-4": {
                    "FakerPress\\ThirdParty\\Cake\\Chronos\\": "src/"
                }
            },
            "notification-url": "https://packagist.org/downloads/",
            "license": [
                "MIT"
            ],
            "authors": [
                {
                    "name": "Brian Nesbitt",
                    "email": "brian@nesbot.com",
                    "homepage": "http://nesbot.com"
                },
                {
                    "name": "The CakePHP Team",
                    "homepage": "https://cakephp.org"
                }
            ],
            "description": "A simple API extension for DateTime.",
            "homepage": "https://cakephp.org",
            "keywords": [
                "date",
                "datetime",
                "time"
            ],
            "support": {
                "issues": "https://github.com/cakephp/chronos/issues",
                "source": "https://github.com/cakephp/chronos"
            },
            "install-path": "../../vendor-prefixed/cakephp/chronos/"
        },
        {
            "name": "fakerphp/faker",
            "version": "v1.24.1",
            "version_normalized": "1.24.1.0",
            "source": {
                "type": "git",
                "url": "https://github.com/FakerPHP/Faker.git",
                "reference": "e0ee18eb1e6dc3cda3ce9fd97e5a0689a88a64b5"
            },
            "dist": {
                "type": "zip",
                "url": "https://api.github.com/repos/FakerPHP/Faker/zipball/e0ee18eb1e6dc3cda3ce9fd97e5a0689a88a64b5",
                "reference": "e0ee18eb1e6dc3cda3ce9fd97e5a0689a88a64b5",
                "shasum": ""
            },
            "require": {
                "php": "^7.4 || ^8.0",
                "psr/container": "^1.0 || ^2.0",
                "symfony/deprecation-contracts": "^2.2 || ^3.0"
            },
            "conflict": {
                "fzaninotto/faker": "*"
            },
            "require-dev": {
                "bamarni/composer-bin-plugin": "^1.4.1",
                "doctrine/persistence": "^1.3 || ^2.0",
                "ext-intl": "*",
                "phpunit/phpunit": "^9.5.26",
                "symfony/phpunit-bridge": "^5.4.16"
            },
            "suggest": {
                "doctrine/orm": "Required to use Faker\\ORM\\Doctrine",
                "ext-curl": "Required by Faker\\Provider\\Image to download images.",
                "ext-dom": "Required by Faker\\Provider\\HtmlLorem for generating random HTML.",
                "ext-iconv": "Required by Faker\\Provider\\ru_RU\\Text::realText() for generating real Russian text.",
                "ext-mbstring": "Required for multibyte Unicode string functionality."
            },
            "time": "2024-11-21T13:46:39+00:00",
            "type": "library",
            "installation-source": "dist",
            "autoload": {
                "psr-4": {
                    "FakerPress\\ThirdParty\\Faker\\": "src/Faker/"
                }
            },
            "notification-url": "https://packagist.org/downloads/",
            "license": [
                "MIT"
            ],
            "authors": [
                {
                    "name": "François Zaninotto"
                }
            ],
            "description": "Faker is a PHP library that generates fake data for you.",
            "keywords": [
                "data",
                "faker",
                "fixtures"
            ],
            "support": {
                "issues": "https://github.com/FakerPHP/Faker/issues",
                "source": "https://github.com/FakerPHP/Faker/tree/v1.24.1"
            },
            "install-path": "../../vendor-prefixed/fakerphp/faker/"
        },
        {
            "name": "lucatume/di52",
            "version": "4.0.1",
            "version_normalized": "4.0.1.0",
            "source": {
                "type": "git",
                "url": "https://github.com/lucatume/di52.git",
                "reference": "1552a86bf17db4cb098db368d2e4cbb508dcaec0"
            },
            "dist": {
                "type": "zip",
                "url": "https://api.github.com/repos/lucatume/di52/zipball/1552a86bf17db4cb098db368d2e4cbb508dcaec0",
                "reference": "1552a86bf17db4cb098db368d2e4cbb508dcaec0",
                "shasum": ""
            },
            "require": {
                "ext-json": "*",
                "php": ">=7.1",
                "psr/container": "^1.0"
            },
            "require-dev": {
                "phpunit/phpunit": "<10.0"
            },
            "time": "2025-04-01T17:10:31+00:00",
            "type": "library",
            "installation-source": "dist",
            "autoload": {
                "psr-4": {
                    "FakerPress\\ThirdParty\\lucatume\\DI52\\": "src/"
                }
            },
            "notification-url": "https://packagist.org/downloads/",
            "license": [
                "GPL-3.0"
            ],
            "authors": [
                {
                    "name": "Luca Tumedei",
                    "email": "luca@theaveragedev.com"
                }
            ],
            "description": "A PHP 5.6 compatible dependency injection container.",
            "support": {
                "issues": "https://github.com/lucatume/di52/issues",
                "source": "https://github.com/lucatume/di52/tree/4.0.1"
            },
            "install-path": "../../vendor-prefixed/lucatume/di52/"
        },
        {
            "name": "psr/clock",
            "version": "1.0.0",
            "version_normalized": "1.0.0.0",
            "source": {
                "type": "git",
                "url": "https://github.com/php-fig/clock.git",
                "reference": "e41a24703d4560fd0acb709162f73b8adfc3aa0d"
            },
            "dist": {
                "type": "zip",
                "url": "https://api.github.com/repos/php-fig/clock/zipball/e41a24703d4560fd0acb709162f73b8adfc3aa0d",
                "reference": "e41a24703d4560fd0acb709162f73b8adfc3aa0d",
                "shasum": ""
            },
            "require": {
                "php": "^7.0 || ^8.0"
            },
            "time": "2022-11-25T14:36:26+00:00",
            "type": "library",
            "installation-source": "dist",
            "autoload": {
                "psr-4": {
                    "FakerPress\\ThirdParty\\Psr\\Clock\\": "src/"
                }
            },
            "notification-url": "https://packagist.org/downloads/",
            "license": [
                "MIT"
            ],
            "authors": [
                {
                    "name": "PHP-FIG",
                    "homepage": "https://www.php-fig.org/"
                }
            ],
            "description": "Common interface for reading the clock.",
            "homepage": "https://github.com/php-fig/clock",
            "keywords": [
                "clock",
                "now",
                "psr",
                "psr-20",
                "time"
            ],
            "support": {
                "issues": "https://github.com/php-fig/clock/issues",
                "source": "https://github.com/php-fig/clock/tree/1.0.0"
            },
            "install-path": "../../vendor-prefixed/psr/clock/"
        },
        {
            "name": "psr/container",
            "version": "1.1.2",
            "version_normalized": "1.1.2.0",
            "source": {
                "type": "git",
                "url": "https://github.com/php-fig/container.git",
                "reference": "513e0666f7216c7459170d56df27dfcefe1689ea"
            },
            "dist": {
                "type": "zip",
                "url": "https://api.github.com/repos/php-fig/container/zipball/513e0666f7216c7459170d56df27dfcefe1689ea",
                "reference": "513e0666f7216c7459170d56df27dfcefe1689ea",
                "shasum": ""
            },
            "require": {
                "php": ">=7.4.0"
            },
            "time": "2021-11-05T16:50:12+00:00",
            "type": "library",
            "installation-source": "dist",
            "autoload": {
                "psr-4": {
                    "FakerPress\\ThirdParty\\Psr\\Container\\": "src/"
                }
            },
            "notification-url": "https://packagist.org/downloads/",
            "license": [
                "MIT"
            ],
            "authors": [
                {
                    "name": "PHP-FIG",
                    "homepage": "https://www.php-fig.org/"
                }
            ],
            "description": "Common Container Interface (PHP FIG PSR-11)",
            "homepage": "https://github.com/php-fig/container",
            "keywords": [
                "PSR-11",
                "container",
                "container-interface",
                "container-interop",
                "psr"
            ],
            "support": {
                "issues": "https://github.com/php-fig/container/issues",
                "source": "https://github.com/php-fig/container/tree/1.1.2"
            },
            "install-path": "../../vendor-prefixed/psr/container/"
        },
        {
            "name": "symfony/deprecation-contracts",
            "version": "v3.5.1",
            "version_normalized": "3.5.1.0",
            "source": {
                "type": "git",
                "url": "https://github.com/symfony/deprecation-contracts.git",
                "reference": "74c71c939a79f7d5bf3c1ce9f5ea37ba0114c6f6"
            },
            "dist": {
                "type": "zip",
                "url": "https://api.github.com/repos/symfony/deprecation-contracts/zipball/74c71c939a79f7d5bf3c1ce9f5ea37ba0114c6f6",
                "reference": "74c71c939a79f7d5bf3c1ce9f5ea37ba0114c6f6",
                "shasum": ""
            },
            "require": {
                "php": ">=8.1"
            },
            "time": "2024-09-25T14:20:29+00:00",
            "type": "library",
            "extra": {
                "thanks": {
                    "url": "https://github.com/symfony/contracts",
                    "name": "symfony/contracts"
                },
                "branch-alias": {
                    "dev-main": "3.5-dev"
                }
            },
            "installation-source": "dist",
            "autoload": {
                "files": [
                    "function.php"
                ]
            },
            "notification-url": "https://packagist.org/downloads/",
            "license": [
                "MIT"
            ],
            "authors": [
                {
                    "name": "Nicolas Grekas",
                    "email": "p@tchwork.com"
                },
                {
                    "name": "Symfony Community",
                    "homepage": "https://symfony.com/contributors"
                }
            ],
            "description": "A generic function and convention to trigger deprecation notices",
            "homepage": "https://symfony.com",
            "support": {
                "source": "https://github.com/symfony/deprecation-contracts/tree/v3.5.1"
            },
            "funding": [
                {
                    "url": "https://symfony.com/sponsor",
                    "type": "custom"
                },
                {
                    "url": "https://github.com/fabpot",
                    "type": "github"
                },
                {
                    "url": "https://tidelift.com/funding/github/packagist/symfony/symfony",
                    "type": "tidelift"
                }
            ],
            "install-path": "../../vendor-prefixed/symfony/deprecation-contracts/"
        }
    ],
    "dev": false,
    "dev-package-names": []
}
